,0,1,2,3,4,5,6,7,8,9,10,11,12,13,14,15,16,17,18,19,20,21,22,23,24,25,26,27,28,29,30,31,32,33,34,35,36,37,38,39,40,41,42,43,44,45,46,47,48,49,50,51,52,53,54,55,56,57,58,59,60,61,62,63,64,65,66,67,68,69,70,71,72,73,74,75,76,77,78,79,80,81,82,83,84,85,86,87,88,89,90,91,92,93,94,95,96,97,98,99,100,101,102,103,104,105,106,107,108,109,110,111,112,113,114,115,116,117,118,119,120,121,122,123,124,125
0,0.0,0.0,0.0,0.0,0.0,0.0,0.0,0.0,0.0,0.0,0.0,0.0,0.0,0.0,0.0,0.0,0.0,0.0,0.0,0.0,0.0,0.0,0.0,0.0,0.0,0.0,0.0,0.0,0.0,0.0,0.0,0.0,0.0,0.0,0.0,0.0,0.0,0.0,0.0,0.0,0.0,0.0,0.0,0.0,0.0,0.0,0.0,0.0,0.0,0.0,0.0,0.0,0.0,0.0,0.0,0.0,0.0,0.0,0.0,0.0,0.0,0.0,0.0,0.0,0.0,0.0,0.0,0.0,0.0,0.0,0.0,0.0,0.0,0.0,0.0,0.0,0.0,0.0,0.0,0.0,0.0,0.0,0.0,0.0,0.0,0.0,0.0,0.0,0.0,0.0,0.0,0.0,0.0,0.0,0.0,0.0,0.0,0.0,0.0,0.0,0.0,0.0,0.0,0.0,0.0,0.0,0.0,0.0,0.0,0.0,0.0,0.0,0.0,0.0,0.0,0.0,0.0,0.0,0.0,0.0,0.0,0.0,0.0,0.0,0.0,0.0
1,0.0,0.0,0.0,0.0,0.0,0.0,0.0,0.0,0.0,0.0,0.0,0.0,0.0,0.0,0.0,0.0,0.0,0.0,0.0,0.0,0.0,0.0,0.0,0.0,0.0,0.0,0.0,0.0,0.0,0.0,0.0,0.0,0.0,0.0,0.0,0.0,0.0,0.0,0.0,0.0,0.0,0.0,0.0,0.0,0.0,0.0,0.0,0.0,0.0,0.0,0.0,0.0,0.0,0.0,0.0,0.0,0.0,0.0,0.0,0.0,0.0,0.0,0.0,0.0,0.0,0.0,0.0,0.0,0.0,0.0,0.0,0.0,0.0,0.0,0.0,0.0,0.0,0.0,0.0,0.0,0.0,0.0,0.0,0.0,0.0,0.0,0.0,0.0,0.0,0.0,0.0,0.0,0.0,0.0,0.0,0.0,0.0,0.0,0.0,0.0,0.0,0.0,0.0,0.0,0.0,0.0,0.0,0.0,0.0,0.0,0.0,0.0,0.0,0.0,0.0,0.0,0.0,0.0,0.0,0.0,0.0,0.0,0.0,0.0,0.0,0.0
2,0.0,0.0,0.0,0.0,0.0,0.0,0.0,0.0,0.0,0.0,0.0,0.0,0.0,0.0,0.0,0.0,0.0,0.0,0.0,0.0,0.0,0.0,0.0,0.0,0.0,0.0,0.0,0.0,0.0,0.0,0.0,0.0,0.0,0.0,0.0,0.0,0.0,0.0,0.0,0.0,0.0,0.0,0.0,0.0,0.0,0.0,0.0,0.0,0.0,0.0,0.0,0.0,0.0,0.0,0.0,0.0,0.0,0.0,0.0,0.0,0.0,0.0,0.0,0.0,0.0,0.0,0.0,0.0,0.0,0.0,0.0,0.0,0.0,0.0,0.0,0.0,0.0,0.0,0.0,0.0,0.0,0.0,0.0,0.0,0.0,0.0,0.0,0.0,0.0,0.0,0.0,0.0,0.0,0.0,0.0,0.0,0.0,0.0,0.0,0.0,0.0,0.0,0.0,0.0,0.0,0.0,0.0,0.0,0.0,0.0,0.0,0.0,0.0,0.0,0.0,0.0,0.0,0.0,0.0,0.0,0.0,0.0,0.0,0.0,0.0,0.0
3,0.0,0.0,0.0,0.0,0.0,0.0,0.0,0.0,0.0,0.0,0.0,0.0,0.0,0.0,0.0,0.0,0.0,0.0,0.0,0.0,0.0,0.0,0.0,0.0,0.0,0.0,0.0,0.0,0.0,0.0,0.0,0.0,0.0,0.0,0.0,0.0,0.0,0.0,0.0,0.0,0.0,0.0,0.0,0.0,0.0,0.0,0.0,0.0,0.0,0.0,0.0,0.0,0.0,0.0,0.0,0.0,0.0,0.0,0.0,0.0,0.0,0.0,0.0,0.0,0.0,0.0,0.0,0.0,0.0,0.0,0.0,0.0,0.0,0.0,0.0,0.0,0.0,0.0,0.0,0.0,0.0,0.0,0.0,0.0,0.0,0.0,0.0,0.0,0.0,0.0,0.0,0.0,0.0,0.0,0.0,0.0,0.0,0.0,0.0,0.0,0.0,0.0,0.0,0.0,0.0,0.0,0.0,0.0,0.0,0.0,0.0,0.0,0.0,0.0,0.0,0.0,0.0,0.0,0.0,0.0,0.0,0.0,0.0,0.0,0.0,0.0
4,0.0,0.0,0.0,0.0,0.0,0.0,0.0,0.0,0.0,0.0,0.0,0.0,0.0,0.0,0.0,0.0,0.0,0.0,0.0,0.0,0.0,0.0,0.0,0.0,0.0,0.0,0.0,0.0,0.0,0.0,0.0,0.0,0.0,0.0,0.0,0.0,0.0,0.0,0.0,0.0,0.0,0.0,0.0,0.0,0.0,0.0,0.0,0.0,0.0,0.0,0.0,0.0,0.0,0.0,0.0,0.0,0.0,0.0,0.0,0.0,0.0,0.0,0.0,0.0,0.0,0.0,0.0,0.0,0.0,0.0,0.0,0.0,0.0,0.0,0.0,0.0,0.0,0.0,0.0,0.0,0.0,0.0,0.0,0.0,0.0,0.0,0.0,0.0,0.0,0.0,0.0,0.0,0.0,0.0,0.0,0.0,0.0,0.0,0.0,0.0,0.0,0.0,0.0,0.0,0.0,0.0,0.0,0.0,0.0,0.0,0.0,0.0,0.0,0.0,0.0,0.0,0.0,0.0,0.0,0.0,0.0,0.0,0.0,0.0,0.0,0.0
5,0.0,0.0,0.0,0.0,0.0,0.0,0.0,0.0,0.0,0.0,0.0,0.0,0.0,0.0,0.0,0.0,0.0,0.0,0.0,0.0,0.0,0.0,0.0,0.0,0.0,0.0,0.0,0.0,0.0,0.0,0.0,0.0,0.0,0.0,0.0,0.0,0.0,0.0,0.0,0.0,0.0,0.0,0.0,0.0,0.0,0.0,0.0,0.0,0.0,0.0,0.0,0.0,0.0,0.0,0.0,0.0,0.0,0.0,0.0,0.0,0.0,0.0,0.0,0.0,0.0,0.0,0.0,0.0,0.0,0.0,0.0,0.0,0.0,0.0,0.0,0.0,0.0,0.0,0.0,0.0,0.0,0.0,0.0,0.0,0.0,0.0,0.0,0.0,0.0,0.0,0.0,0.0,0.0,0.0,0.0,0.0,0.0,0.0,0.0,0.0,0.0,0.0,0.0,0.0,0.0,0.0,0.0,0.0,0.0,0.0,0.0,0.0,0.0,0.0,0.0,0.0,0.0,0.0,0.0,0.0,0.0,0.0,0.0,0.0,0.0,0.0
6,0.0,0.0,0.0,0.0,0.0,0.0,0.0,0.0,0.0,0.0,0.0,0.0,0.0,0.0,0.0,0.0,0.0,0.0,0.0,0.0,0.0,0.0,0.0,0.0,0.0,0.0,0.0,0.0,0.0,0.0,0.0,0.0,0.0,0.0,0.0,0.0,0.0,0.0,0.0,0.0,0.0,0.0,0.0,0.0,0.0,0.0,0.0,0.0,0.0,0.0,0.0,0.0,0.0,0.0,0.0,0.0,0.0,0.0,0.0,0.0,0.0,0.0,0.0,0.0,0.0,0.0,0.0,0.0,0.0,0.0,0.0,0.0,0.0,0.0,0.0,0.0,0.0,0.0,0.0,0.0,0.0,0.0,0.0,0.0,0.0,0.0,0.0,0.0,0.0,0.0,0.0,0.0,0.0,0.0,0.0,0.0,0.0,0.0,0.0,0.0,0.0,0.0,0.0,0.0,0.0,0.0,0.0,0.0,0.0,0.0,0.0,0.0,0.0,0.0,0.0,0.0,0.0,0.0,0.0,0.0,0.0,0.0,0.0,0.0,0.0,0.0
7,0.0,0.0,0.0,0.0,0.0,0.0,0.0,0.0,0.0,0.0,0.0,0.0,0.0,0.0,0.0,0.0,0.0,0.0,0.0,0.0,0.0,0.0,0.0,0.0,0.0,0.0,0.0,0.0,0.0,0.0,0.0,0.0,0.0,0.0,0.0,0.0,0.0,0.0,0.0,0.0,0.0,0.0,0.0,0.0,0.0,0.0,0.0,0.0,0.0,0.0,0.0,0.0,0.0,0.0,0.0,0.0,0.0,0.0,0.0,0.0,0.0,0.0,0.0,0.0,0.0,0.0,0.0,0.0,0.0,0.0,0.0,0.0,0.0,0.0,0.0,0.0,0.0,0.0,0.0,0.0,0.0,0.0,0.0,0.0,0.0,0.0,0.0,0.0,0.0,0.0,0.0,0.0,0.0,0.0,0.0,0.0,0.0,0.0,0.0,0.0,0.0,0.0,0.0,0.0,0.0,0.0,0.0,0.0,0.0,0.0,0.0,0.0,0.0,0.0,0.0,0.0,0.0,0.0,0.0,0.0,0.0,0.0,0.0,0.0,0.0,0.0
8,0.0,0.0,0.0,0.0,0.0,0.0,0.0,0.0,0.0,0.0,0.0,0.0,0.0,0.0,0.0,0.0,0.0,0.0,0.0,0.0,0.0,0.0,0.0,0.0,0.0,0.0,0.0,0.0,0.0,0.0,0.0,0.0,0.0,0.0,0.0,0.0,0.0,0.0,0.0,0.0,0.0,0.0,0.0,0.0,0.0,0.0,0.0,0.0,0.0,0.0,0.0,0.0,0.0,0.0,0.0,0.0,0.0,0.0,0.0,0.0,0.0,0.0,0.0,0.0,0.0,0.0,0.0,0.0,0.0,0.0,0.0,0.0,0.0,0.0,0.0,0.0,0.0,0.0,0.0,0.0,0.0,0.0,0.0,0.0,0.0,0.0,0.0,0.0,0.0,0.0,0.0,0.0,0.0,0.0,0.0,0.0,0.0,0.0,0.0,0.0,0.0,0.0,0.0,0.0,0.0,0.0,0.0,0.0,0.0,0.0,0.0,0.0,0.0,0.0,0.0,0.0,0.0,0.0,0.0,0.0,0.0,0.0,0.0,0.0,0.0,0.0
9,0.0,0.0,0.0,0.0,0.0,0.0,0.0,0.0,0.0,0.0,0.0,0.0,0.0,0.0,0.0,0.0,0.0,0.0,0.0,0.0,0.0,0.0,0.0,0.0,0.0,0.0,0.0,0.0,0.0,0.0,0.0,0.0,0.0,0.0,0.0,0.0,0.0,0.0,0.0,0.0,0.0,0.0,0.0,0.0,0.0,0.0,0.0,0.0,0.0,0.0,0.0,0.0,0.0,0.0,0.0,0.0,0.0,0.0,0.0,0.0,0.0,0.0,0.0,0.0,0.0,0.0,0.0,0.0,0.0,0.0,0.0,0.0,0.0,0.0,0.0,0.0,0.0,0.0,0.0,0.0,0.0,0.0,0.0,0.0,0.0,0.0,0.0,0.0,0.0,0.0,0.0,0.0,0.0,0.0,0.0,0.0,0.0,0.0,0.0,0.0,0.0,0.0,0.0,0.0,0.0,0.0,0.0,0.0,0.0,0.0,0.0,0.0,0.0,0.0,0.0,0.0,0.0,0.0,0.0,0.0,0.0,0.0,0.0,0.0,0.0,0.0
10,0.0,0.0,0.0,0.0,0.0,0.0,0.0,0.0,0.0,0.0,0.0,0.0,0.0,0.0,0.0,0.0,0.0,0.0,0.0,0.0,0.0,0.0,0.0,0.0,0.0,0.0,0.0,0.0,0.0,0.0,0.0,0.0,0.0,0.0,0.0,0.0,0.0,0.0,0.0,0.0,0.0,0.0,0.0,0.0,0.0,0.0,0.0,0.0,0.0,0.0,0.0,0.0,0.0,0.0,0.0,0.0,0.0,0.0,0.0,0.0,0.0,0.0,0.0,0.0,0.0,0.0,0.0,0.0,0.0,0.0,0.0,0.0,0.0,0.0,0.0,0.0,0.0,0.0,0.0,0.0,0.0,0.0,0.0,0.0,0.0,0.0,0.0,0.0,0.0,0.0,0.0,0.0,0.0,0.0,0.0,0.0,0.0,0.0,0.0,0.0,0.0,0.0,0.0,0.0,0.0,0.0,0.0,0.0,0.0,0.0,0.0,0.0,0.0,0.0,0.0,0.0,0.0,0.0,0.0,0.0,0.0,0.0,0.0,0.0,0.0,0.0
11,0.0,0.0,0.0,0.0,0.0,0.0,0.0,0.0,0.0,0.0,0.0,0.0,0.0,0.0,0.0,0.0,0.0,0.0,0.0,0.0,0.0,0.0,0.0,0.0,0.0,0.0,0.0,0.0,0.0,0.0,0.0,0.0,0.0,0.0,0.0,0.0,0.0,0.0,0.0,0.0,0.0,0.0,0.0,0.0,0.0,0.0,0.0,0.0,0.0,0.0,0.0,0.0,0.0,0.0,0.0,0.0,0.0,0.0,0.0,0.0,0.0,0.0,0.0,0.0,0.0,0.0,0.0,0.0,0.0,0.0,0.0,0.0,0.0,0.0,0.0,0.0,0.0,0.0,0.0,0.0,0.0,0.0,0.0,0.0,0.0,0.0,0.0,0.0,0.0,0.0,0.0,0.0,0.0,0.0,0.0,0.0,0.0,0.0,0.0,0.0,0.0,0.0,0.0,0.0,0.0,0.0,0.0,0.0,0.0,0.0,0.0,0.0,0.0,0.0,0.0,0.0,0.0,0.0,0.0,0.0,0.0,0.0,0.0,0.0,0.0,0.0
12,0.0,0.0,0.0,0.0,0.0,0.0,0.0,0.0,0.0,0.0,0.0,0.0,0.0,0.0,0.0,0.0,0.0,0.0,0.0,0.0,0.0,0.0,0.0,0.0,0.0,0.0,0.0,0.0,0.0,0.0,0.0,0.0,0.0,0.0,0.0,0.0,0.0,0.0,0.0,0.0,0.0,0.0,0.0,0.0,0.0,0.0,0.0,0.0,0.0,0.0,0.0,0.0,0.0,0.0,0.0,0.0,0.0,0.0,0.0,0.0,0.0,0.0,0.0,0.0,0.0,0.0,0.0,0.0,0.0,0.0,0.0,0.0,0.0,0.0,0.0,0.0,0.0,0.0,0.0,0.0,0.0,0.0,0.0,0.0,0.0,0.0,0.0,0.0,0.0,0.0,0.0,0.0,0.0,0.0,0.0,0.0,0.0,0.0,0.0,0.0,0.0,0.0,0.0,0.0,0.0,0.0,0.0,0.0,0.0,0.0,0.0,0.0,0.0,0.0,0.0,0.0,0.0,0.0,0.0,0.0,0.0,0.0,0.0,0.0,0.0,0.0
13,0.0,0.0,0.0,0.0,0.0,0.0,0.0,0.0,0.0,0.0,0.0,0.0,0.0,0.0,0.0,0.0,0.0,0.0,0.0,0.0,0.0,0.0,0.0,0.0,0.0,0.0,0.0,0.0,0.0,0.0,0.0,0.0,0.0,0.0,0.0,0.0,0.0,0.0,0.0,0.0,0.0,0.0,0.0,0.0,0.0,0.0,0.0,0.0,0.0,0.0,0.0,0.0,0.0,0.0,0.0,0.0,0.0,0.0,0.0,0.0,0.0,0.0,0.0,0.0,0.0,0.0,0.0,0.0,0.0,0.0,0.0,0.0,0.0,0.0,0.0,0.0,0.0,0.0,0.0,0.0,0.0,0.0,0.0,0.0,0.0,0.0,0.0,0.0,0.0,0.0,0.0,0.0,0.0,0.0,0.0,0.0,0.0,0.0,0.0,0.0,0.0,0.0,0.0,0.0,0.0,0.0,0.0,0.0,0.0,0.0,0.0,0.0,0.0,0.0,0.0,0.0,0.0,0.0,0.0,0.0,0.0,0.0,0.0,0.0,0.0,0.0
14,0.6013689041137695,1.0555508136749268,-5.118018009397929e-09,0.5403400659561157,1.0013196468353271,0.00826435349881649,0.5053304433822632,0.896582305431366,0.003751909825950861,0.4996058940887451,0.8005410432815552,-0.00456677982583642,0.5088586211204529,0.7338598966598511,-0.011973613873124123,0.487724632024765,0.81437087059021,-0.014948233030736446,0.4479526877403259,0.6803470253944397,-0.028716182336211205,0.4452134966850281,0.6236065626144409,-0.035047776997089386,0.4469904899597168,0.5960041284561157,-0.03727372735738754,0.529442548751831,0.7907031178474426,-0.030407585203647614,0.49890264868736267,0.6431777477264404,-0.03953274339437485,0.4959372282028198,0.6126415729522705,-0.040364257991313934,0.49372002482414246,0.6187276840209961,-0.03942184895277023,0.5797931551933289,0.7893300652503967,-0.04408351704478264,0.5797644257545471,0.6620763540267944,-0.0518784262239933,0.5831851959228516,0.6987461447715759,-0.04286754131317139,0.5813494920730591,0.7583503723144531,-0.03461736440658569,0.6323166489601135,0.8086779117584229,-0.0571577250957489,0.6344538927078247,0.7318975925445557,-0.057962168008089066,0.6330080628395081,0.7618482112884521,-0.0443590022623539,0.6297973394393921,0.8107110261917114,-0.03225864842534065,0.0,0.0,0.0,0.0,0.0,0.0,0.0,0.0,0.0,0.0,0.0,0.0,0.0,0.0,0.0,0.0,0.0,0.0,0.0,0.0,0.0,0.0,0.0,0.0,0.0,0.0,0.0,0.0,0.0,0.0,0.0,0.0,0.0,0.0,0.0,0.0,0.0,0.0,0.0,0.0,0.0,0.0,0.0,0.0,0.0,0.0,0.0,0.0,0.0,0.0,0.0,0.0,0.0,0.0,0.0,0.0,0.0,0.0,0.0,0.0,0.0,0.0,0.0
15,0.5719231963157654,0.9741231203079224,2.3732651754926337e-07,0.5030127167701721,0.941969633102417,-0.03098721243441105,0.4392060935497284,0.8769278526306152,-0.051754679530858994,0.38698968291282654,0.8298059701919556,-0.07287729531526566,0.3429623246192932,0.7936481833457947,-0.09324098378419876,0.4697745442390442,0.6682699918746948,-0.022478343918919563,0.4453371465206146,0.5483941435813904,-0.047423236072063446,0.4289218783378601,0.4801117777824402,-0.06915953755378723,0.41511836647987366,0.4217867851257324,-0.08546639233827591,0.5117612481117249,0.6494501233100891,-0.027572203427553177,0.4929993748664856,0.5204558968544006,-0.05424373969435692,0.47400718927383423,0.4544731378555298,-0.07449453324079514,0.45704081654548645,0.4061400890350342,-0.08897942304611206,0.5557047724723816,0.6590961813926697,-0.03776722401380539,0.5472711324691772,0.5297898054122925,-0.07362291216850281,0.5334298014640808,0.5512596368789673,-0.0859987735748291,0.5233084559440613,0.5944180488586426,-0.0886230394244194,0.602411687374115,0.6889562606811523,-0.05055684223771095,0.5972514748573303,0.5835626721382141,-0.08067279309034348,0.5850251913070679,0.5930213332176208,-0.08768424391746521,0.5757091045379639,0.6288999915122986,-0.08856000006198883,0.0,0.0,0.0,0.0,0.0,0.0,0.0,0.0,0.0,0.0,0.0,0.0,0.0,0.0,0.0,0.0,0.0,0.0,0.0,0.0,0.0,0.0,0.0,0.0,0.0,0.0,0.0,0.0,0.0,0.0,0.0,0.0,0.0,0.0,0.0,0.0,0.0,0.0,0.0,0.0,0.0,0.0,0.0,0.0,0.0,0.0,0.0,0.0,0.0,0.0,0.0,0.0,0.0,0.0,0.0,0.0,0.0,0.0,0.0,0.0,0.0,0.0,0.0
16,0.5187456011772156,0.8571751117706299,3.7900778693256143e-07,0.4544277787208557,0.8233456015586853,-0.034213826060295105,0.3996235430240631,0.7542240619659424,-0.05557631328701973,0.3534608483314514,0.697306752204895,-0.07590269297361374,0.31308722496032715,0.6508070230484009,-0.09512416273355484,0.43411126732826233,0.5705132484436035,-0.026957252994179726,0.4174954295158386,0.4537280797958374,-0.05247567966580391,0.4051988124847412,0.3824865221977234,-0.07501401007175446,0.3953718841075897,0.3201281428337097,-0.09170805662870407,0.47254958748817444,0.5549564361572266,-0.029007870703935623,0.4597843885421753,0.4282720983028412,-0.05515597015619278,0.4419516921043396,0.35148951411247253,-0.07673459500074387,0.4257371425628662,0.30000385642051697,-0.0921575203537941,0.5131590366363525,0.5670122504234314,-0.036110032349824905,0.5103983879089355,0.442793607711792,-0.06931614875793457,0.49330809712409973,0.4347063899040222,-0.08646849542856216,0.4774560034275055,0.4598996341228485,-0.09330317378044128,0.5567044019699097,0.5992839932441711,-0.04593716561794281,0.5581612586975098,0.4971671998500824,-0.07490987330675125,0.5422279238700867,0.48857390880584717,-0.08627364039421082,0.5235744118690491,0.5169506072998047,-0.09075875580310822,0.0,0.0,0.0,0.0,0.0,0.0,0.0,0.0,0.0,0.0,0.0,0.0,0.0,0.0,0.0,0.0,0.0,0.0,0.0,0.0,0.0,0.0,0.0,0.0,0.0,0.0,0.0,0.0,0.0,0.0,0.0,0.0,0.0,0.0,0.0,0.0,0.0,0.0,0.0,0.0,0.0,0.0,0.0,0.0,0.0,0.0,0.0,0.0,0.0,0.0,0.0,0.0,0.0,0.0,0.0,0.0,0.0,0.0,0.0,0.0,0.0,0.0,0.0
17,0.4547976851463318,0.7535210847854614,5.861746785740252e-07,0.3961148262023926,0.7418283820152283,-0.037433747202157974,0.3429723381996155,0.7012248039245605,-0.06315889954566956,0.2939271926879883,0.6683268547058105,-0.08699028193950653,0.24832303822040558,0.6557112336158752,-0.1102394312620163,0.3577747642993927,0.4933331310749054,-0.03740408644080162,0.3440585136413574,0.3740575313568115,-0.0626591369509697,0.3336092233657837,0.29905378818511963,-0.08390970528125763,0.32599517703056335,0.23290321230888367,-0.09968982636928558,0.39514756202697754,0.46939483284950256,-0.037475477904081345,0.38245871663093567,0.3397529721260071,-0.06157837435603142,0.367928147315979,0.2557099461555481,-0.08241380006074905,0.3561564087867737,0.1962784230709076,-0.09813739359378815,0.4346843361854553,0.4754510223865509,-0.04185952991247177,0.4360641539096832,0.35948988795280457,-0.07326863706111908,0.4236565828323364,0.35850855708122253,-0.09161426872015,0.4107924997806549,0.38876867294311523,-0.09970157593488693,0.47598764300346375,0.5017378330230713,-0.04895414412021637,0.4799038767814636,0.40805938839912415,-0.07643389701843262,0.4669719934463501,0.3992878794670105,-0.08860090374946594,0.4496353566646576,0.4246501326560974,-0.09394132345914841,0.0,0.0,0.0,0.0,0.0,0.0,0.0,0.0,0.0,0.0,0.0,0.0,0.0,0.0,0.0,0.0,0.0,0.0,0.0,0.0,0.0,0.0,0.0,0.0,0.0,0.0,0.0,0.0,0.0,0.0,0.0,0.0,0.0,0.0,0.0,0.0,0.0,0.0,0.0,0.0,0.0,0.0,0.0,0.0,0.0,0.0,0.0,0.0,0.0,0.0,0.0,0.0,0.0,0.0,0.0,0.0,0.0,0.0,0.0,0.0,0.0,0.0,0.0
18,0.4381577968597412,0.7289893627166748,7.66337905133696e-07,0.38285985589027405,0.7281454205513,-0.041120290756225586,0.3317030668258667,0.6990714073181152,-0.07185418158769608,0.28219282627105713,0.6869058609008789,-0.0999370738863945,0.23373785614967346,0.690976083278656,-0.12754175066947937,0.33811143040657043,0.4762935936450958,-0.04483078420162201,0.3220922648906708,0.35353967547416687,-0.07098725438117981,0.3112236559391022,0.27567678689956665,-0.09409937262535095,0.3028849959373474,0.20792484283447266,-0.11162559688091278,0.37660396099090576,0.45152223110198975,-0.04533752053976059,0.36093732714653015,0.3189309239387512,-0.0697808787226677,0.34729233384132385,0.2315613478422165,-0.092429980635643,0.33506524562835693,0.16572916507720947,-0.10995608568191528,0.417481005191803,0.4586239159107208,-0.04980512335896492,0.4169808328151703,0.3414708375930786,-0.08166467398405075,0.40617746114730835,0.34086236357688904,-0.09964224696159363,0.39213988184928894,0.3700839877128601,-0.10810259729623795,0.45832255482673645,0.4870551526546478,-0.05721928924322128,0.4612165093421936,0.3931967318058014,-0.08693315088748932,0.45049041509628296,0.3876495361328125,-0.09813077002763748,0.4342949092388153,0.4175589978694916,-0.10256076604127884,0.0,0.0,0.0,0.0,0.0,0.0,0.0,0.0,0.0,0.0,0.0,0.0,0.0,0.0,0.0,0.0,0.0,0.0,0.0,0.0,0.0,0.0,0.0,0.0,0.0,0.0,0.0,0.0,0.0,0.0,0.0,0.0,0.0,0.0,0.0,0.0,0.0,0.0,0.0,0.0,0.0,0.0,0.0,0.0,0.0,0.0,0.0,0.0,0.0,0.0,0.0,0.0,0.0,0.0,0.0,0.0,0.0,0.0,0.0,0.0,0.0,0.0,0.0
19,0.43580174446105957,0.7244045734405518,8.391845085498062e-07,0.38255026936531067,0.7228366136550903,-0.04383577033877373,0.3324616849422455,0.7014991641044617,-0.07656129449605942,0.28422001004219055,0.702275812625885,-0.10662204772233963,0.23592275381088257,0.7161757946014404,-0.1364337056875229,0.3322084844112396,0.46645450592041016,-0.048960257321596146,0.31703242659568787,0.3396177291870117,-0.07598615437746048,0.30719298124313354,0.260026216506958,-0.09999429434537888,0.2996702194213867,0.1911039650440216,-0.11845459043979645,0.3714251220226288,0.44155311584472656,-0.048377834260463715,0.35655415058135986,0.30804890394210815,-0.07557941228151321,0.3432457447052002,0.21832534670829773,-0.10137152671813965,0.3321104645729065,0.1510181427001953,-0.12150286883115768,0.41271013021469116,0.449718713760376,-0.05176340788602829,0.41545188426971436,0.3327183425426483,-0.08650825917720795,0.4064643383026123,0.3373004198074341,-0.10809800773859024,0.3937029242515564,0.3722214698791504,-0.11889465153217316,0.4533044695854187,0.47789517045021057,-0.05812215432524681,0.4613703191280365,0.38524511456489563,-0.09027454257011414,0.45274460315704346,0.3842449188232422,-0.10433851182460785,0.43716928362846375,0.41847479343414307,-0.11096978187561035,0.0,0.0,0.0,0.0,0.0,0.0,0.0,0.0,0.0,0.0,0.0,0.0,0.0,0.0,0.0,0.0,0.0,0.0,0.0,0.0,0.0,0.0,0.0,0.0,0.0,0.0,0.0,0.0,0.0,0.0,0.0,0.0,0.0,0.0,0.0,0.0,0.0,0.0,0.0,0.0,0.0,0.0,0.0,0.0,0.0,0.0,0.0,0.0,0.0,0.0,0.0,0.0,0.0,0.0,0.0,0.0,0.0,0.0,0.0,0.0,0.0,0.0,0.0
20,0.4487592875957489,0.7197917699813843,8.982305530480517e-07,0.3966987133026123,0.7188111543655396,-0.039264168590307236,0.3469597399234772,0.7054750919342041,-0.07096352428197861,0.2988159656524658,0.7185410261154175,-0.10091272741556168,0.2542722821235657,0.7424482107162476,-0.13087919354438782,0.34319573640823364,0.4691333770751953,-0.048372138291597366,0.3306880593299866,0.3407401144504547,-0.07565203309059143,0.32358765602111816,0.25953683257102966,-0.09939860552549362,0.3183573782444,0.1894606351852417,-0.11727239191532135,0.382834255695343,0.44340088963508606,-0.05012943223118782,0.3694712817668915,0.30560755729675293,-0.07625535875558853,0.3576014041900635,0.21465662121772766,-0.10060431808233261,0.34768766164779663,0.14435777068138123,-0.11935532838106155,0.4257790744304657,0.451689213514328,-0.05508068948984146,0.4291384220123291,0.331937313079834,-0.08819399774074554,0.42300429940223694,0.3489840626716614,-0.10560329258441925,0.4126238524913788,0.39173194766044617,-0.11315079033374786,0.4682079255580902,0.4818647801876068,-0.06278504431247711,0.47972309589385986,0.39404720067977905,-0.09320706874132156,0.4749005436897278,0.3979671895503998,-0.10337952524423599,0.46221494674682617,0.4322485029697418,-0.10658203065395355,0.0,0.0,0.0,0.0,0.0,0.0,0.0,0.0,0.0,0.0,0.0,0.0,0.0,0.0,0.0,0.0,0.0,0.0,0.0,0.0,0.0,0.0,0.0,0.0,0.0,0.0,0.0,0.0,0.0,0.0,0.0,0.0,0.0,0.0,0.0,0.0,0.0,0.0,0.0,0.0,0.0,0.0,0.0,0.0,0.0,0.0,0.0,0.0,0.0,0.0,0.0,0.0,0.0,0.0,0.0,0.0,0.0,0.0,0.0,0.0,0.0,0.0,0.0
21,0.45387357473373413,0.7295514345169067,9.382969778926054e-07,0.40288209915161133,0.7314807176589966,-0.03812805563211441,0.3540784418582916,0.7186287045478821,-0.06981773674488068,0.30557575821876526,0.7344697713851929,-0.09993638843297958,0.2612730860710144,0.7610765695571899,-0.13053886592388153,0.3510289490222931,0.4821106791496277,-0.049402300268411636,0.33920013904571533,0.35265958309173584,-0.07743081450462341,0.33200395107269287,0.26960432529449463,-0.1011616587638855,0.3278903365135193,0.19928300380706787,-0.1186852753162384,0.3910118341445923,0.4571630358695984,-0.05190310627222061,0.3780432343482971,0.31832849979400635,-0.07845550030469894,0.36735647916793823,0.22379876673221588,-0.1028323769569397,0.3602461814880371,0.15157032012939453,-0.12121190875768661,0.4343011975288391,0.4663524627685547,-0.05734800174832344,0.4361449182033539,0.34720540046691895,-0.09185073524713516,0.43118318915367126,0.36527785658836365,-0.1100921779870987,0.4236500859260559,0.4101191759109497,-0.11773688346147537,0.4769062399864197,0.4989267587661743,-0.06519430875778198,0.48766589164733887,0.4147377908229828,-0.0981658324599266,0.484822154045105,0.41894569993019104,-0.10912631452083588,0.47477835416793823,0.453923761844635,-0.11213794350624084,0.0,0.0,0.0,0.0,0.0,0.0,0.0,0.0,0.0,0.0,0.0,0.0,0.0,0.0,0.0,0.0,0.0,0.0,0.0,0.0,0.0,0.0,0.0,0.0,0.0,0.0,0.0,0.0,0.0,0.0,0.0,0.0,0.0,0.0,0.0,0.0,0.0,0.0,0.0,0.0,0.0,0.0,0.0,0.0,0.0,0.0,0.0,0.0,0.0,0.0,0.0,0.0,0.0,0.0,0.0,0.0,0.0,0.0,0.0,0.0,0.0,0.0,0.0
22,0.4571949243545532,0.7468185424804688,9.315983788837912e-07,0.4067326486110687,0.7492955923080444,-0.034502625465393066,0.35799047350883484,0.7330597639083862,-0.06450895220041275,0.3099786043167114,0.7480137348175049,-0.09386255592107773,0.2650979161262512,0.7745269536972046,-0.12375485897064209,0.3572637438774109,0.49652066826820374,-0.04541541635990143,0.3466825485229492,0.36689597368240356,-0.07144822180271149,0.3396846055984497,0.28379011154174805,-0.09350399672985077,0.33506718277931213,0.21332162618637085,-0.11017812043428421,0.39683520793914795,0.4733133316040039,-0.04969943314790726,0.3845215439796448,0.33129751682281494,-0.07438210397958755,0.374149352312088,0.2362714409828186,-0.0973595604300499,0.36727532744407654,0.16112884879112244,-0.1150406152009964,0.44027945399284363,0.48421511054039,-0.05664472281932831,0.4428408145904541,0.3611025810241699,-0.08997566998004913,0.4376935660839081,0.38289499282836914,-0.10688085854053497,0.43006467819213867,0.4281061887741089,-0.11368441581726074,0.4838142395019531,0.5179142951965332,-0.06576027721166611,0.495301753282547,0.4281085729598999,-0.09819921851158142,0.49006015062332153,0.43427592515945435,-0.10845848172903061,0.47798144817352295,0.4708457887172699,-0.11102123558521271,0.0,0.0,0.0,0.0,0.0,0.0,0.0,0.0,0.0,0.0,0.0,0.0,0.0,0.0,0.0,0.0,0.0,0.0,0.0,0.0,0.0,0.0,0.0,0.0,0.0,0.0,0.0,0.0,0.0,0.0,0.0,0.0,0.0,0.0,0.0,0.0,0.0,0.0,0.0,0.0,0.0,0.0,0.0,0.0,0.0,0.0,0.0,0.0,0.0,0.0,0.0,0.0,0.0,0.0,0.0,0.0,0.0,0.0,0.0,0.0,0.0,0.0,0.0
23,0.47427332401275635,0.7647513151168823,9.80609115686093e-07,0.4196928143501282,0.7618632316589355,-0.03542879968881607,0.370077520608902,0.7470529079437256,-0.06741191446781158,0.3198587894439697,0.7653340697288513,-0.09937945753335953,0.27463558316230774,0.795632004737854,-0.1317341923713684,0.3707234263420105,0.5076847672462463,-0.04661041498184204,0.3599836528301239,0.3763052821159363,-0.07505658268928528,0.35418158769607544,0.29340046644210815,-0.09860435873270035,0.34996601939201355,0.2213657796382904,-0.11623307317495346,0.41172870993614197,0.4841126799583435,-0.05157690495252609,0.399982750415802,0.3390553593635559,-0.07984766364097595,0.39069435000419617,0.2489832043647766,-0.10357864946126938,0.3829807639122009,0.16717582941055298,-0.12115021049976349,0.4563193619251251,0.49673524498939514,-0.05904145911335945,0.4582655727863312,0.3781996965408325,-0.09392079710960388,0.45166924595832825,0.43125131726264954,-0.10393364727497101,0.4431191086769104,0.4896318316459656,-0.10485406965017319,0.5008226633071899,0.5340002179145813,-0.06920008361339569,0.5113168358802795,0.4449494481086731,-0.0993536189198494,0.5016188621520996,0.4675244390964508,-0.10286183655261993,0.4872651696205139,0.5097566843032837,-0.100224569439888,0.0,0.0,0.0,0.0,0.0,0.0,0.0,0.0,0.0,0.0,0.0,0.0,0.0,0.0,0.0,0.0,0.0,0.0,0.0,0.0,0.0,0.0,0.0,0.0,0.0,0.0,0.0,0.0,0.0,0.0,0.0,0.0,0.0,0.0,0.0,0.0,0.0,0.0,0.0,0.0,0.0,0.0,0.0,0.0,0.0,0.0,0.0,0.0,0.0,0.0,0.0,0.0,0.0,0.0,0.0,0.0,0.0,0.0,0.0,0.0,0.0,0.0,0.0
24,0.4792998433113098,0.7686256170272827,1.0146908380193054e-06,0.4248165190219879,0.7655330896377563,-0.03595628961920738,0.37473607063293457,0.7493021488189697,-0.0683889091014862,0.3234690725803375,0.7678176164627075,-0.1008303165435791,0.2770732641220093,0.7967779636383057,-0.13356561958789825,0.37480658292770386,0.5102514028549194,-0.04648643732070923,0.36563640832901,0.3786590099334717,-0.07462895661592484,0.36049559712409973,0.29478150606155396,-0.09808535873889923,0.3563285768032074,0.22102126479148865,-0.11594640463590622,0.41604819893836975,0.48686328530311584,-0.05163475498557091,0.40498897433280945,0.34105342626571655,-0.07965368032455444,0.39693865180015564,0.24962124228477478,-0.1029309332370758,0.38977891206741333,0.16591930389404297,-0.12028367072343826,0.4609082043170929,0.499819815158844,-0.059387341141700745,0.46337437629699707,0.3828941583633423,-0.09437312930822372,0.4567146897315979,0.4421870708465576,-0.10309340804815292,0.447040855884552,0.5038807392120361,-0.10305093228816986,0.5057165622711182,0.5367715358734131,-0.06998530775308609,0.5157386660575867,0.4491177201271057,-0.10034586489200592,0.5055348873138428,0.47683483362197876,-0.10306210815906525,0.48997122049331665,0.5222934484481812,-0.09984403103590012,0.0,0.0,0.0,0.0,0.0,0.0,0.0,0.0,0.0,0.0,0.0,0.0,0.0,0.0,0.0,0.0,0.0,0.0,0.0,0.0,0.0,0.0,0.0,0.0,0.0,0.0,0.0,0.0,0.0,0.0,0.0,0.0,0.0,0.0,0.0,0.0,0.0,0.0,0.0,0.0,0.0,0.0,0.0,0.0,0.0,0.0,0.0,0.0,0.0,0.0,0.0,0.0,0.0,0.0,0.0,0.0,0.0,0.0,0.0,0.0,0.0,0.0,0.0
25,0.4813782870769501,0.7706342935562134,1.001174382508907e-06,0.42693114280700684,0.7720878720283508,-0.03554728999733925,0.3763904571533203,0.7543618083000183,-0.06710180640220642,0.3244425356388092,0.769135057926178,-0.09893041104078293,0.27810508012771606,0.7972115874290466,-0.13131333887577057,0.37831369042396545,0.515510082244873,-0.045285508036613464,0.37028321623802185,0.38302579522132874,-0.07298795878887177,0.3648429214954376,0.2978018522262573,-0.0960773378610611,0.3594483435153961,0.22395390272140503,-0.11391369253396988,0.4200344979763031,0.4925735592842102,-0.051236238330602646,0.409406840801239,0.3457337021827698,-0.07930989563465118,0.4018452763557434,0.25801384449005127,-0.10302619636058807,0.3932093679904938,0.17535808682441711,-0.12061353772878647,0.46508845686912537,0.5044494271278381,-0.05956064909696579,0.4678773283958435,0.38625434041023254,-0.0957382395863533,0.46052226424217224,0.45590728521347046,-0.10330162942409515,0.448394238948822,0.5219179391860962,-0.10211897641420364,0.5086628198623657,0.5413715243339539,-0.07065868377685547,0.5163270235061646,0.45679983496665955,-0.10229938477277756,0.5052258372306824,0.49609941244125366,-0.10347484052181244,0.4887402653694153,0.5496193766593933,-0.09877730160951614,0.0,0.0,0.0,0.0,0.0,0.0,0.0,0.0,0.0,0.0,0.0,0.0,0.0,0.0,0.0,0.0,0.0,0.0,0.0,0.0,0.0,0.0,0.0,0.0,0.0,0.0,0.0,0.0,0.0,0.0,0.0,0.0,0.0,0.0,0.0,0.0,0.0,0.0,0.0,0.0,0.0,0.0,0.0,0.0,0.0,0.0,0.0,0.0,0.0,0.0,0.0,0.0,0.0,0.0,0.0,0.0,0.0,0.0,0.0,0.0,0.0,0.0,0.0
26,0.481808602809906,0.7709270119667053,9.63368051998259e-07,0.4273967444896698,0.7706565856933594,-0.036614079028367996,0.3765617609024048,0.7526686787605286,-0.06904108077287674,0.32468223571777344,0.7689928412437439,-0.10193987935781479,0.2778506278991699,0.7940682172775269,-0.1354781836271286,0.3803682327270508,0.512548565864563,-0.0466727651655674,0.3710208833217621,0.3826524615287781,-0.07559196650981903,0.36689069867134094,0.2983170747756958,-0.09952820092439651,0.3632221221923828,0.22372335195541382,-0.11773104965686798,0.42187929153442383,0.4902535378932953,-0.05245122313499451,0.4106209874153137,0.3446364402770996,-0.08072047680616379,0.40235644578933716,0.25551095604896545,-0.10428357869386673,0.3930460810661316,0.17092838883399963,-0.12190969288349152,0.46587419509887695,0.5027861595153809,-0.06089654192328453,0.468820720911026,0.3835654556751251,-0.09630650281906128,0.46300938725471497,0.45508843660354614,-0.10303549468517303,0.45178747177124023,0.5198959708213806,-0.1016419529914856,0.5085426568984985,0.5402114987373352,-0.07243919372558594,0.5163571238517761,0.4565381407737732,-0.10284233093261719,0.5061373114585876,0.49969616532325745,-0.10343270003795624,0.49013015627861023,0.553102970123291,-0.0986967533826828,0.0,0.0,0.0,0.0,0.0,0.0,0.0,0.0,0.0,0.0,0.0,0.0,0.0,0.0,0.0,0.0,0.0,0.0,0.0,0.0,0.0,0.0,0.0,0.0,0.0,0.0,0.0,0.0,0.0,0.0,0.0,0.0,0.0,0.0,0.0,0.0,0.0,0.0,0.0,0.0,0.0,0.0,0.0,0.0,0.0,0.0,0.0,0.0,0.0,0.0,0.0,0.0,0.0,0.0,0.0,0.0,0.0,0.0,0.0,0.0,0.0,0.0,0.0
27,0.48128369450569153,0.7677257657051086,9.63155684985395e-07,0.4280431270599365,0.7664601802825928,-0.03451263904571533,0.37815943360328674,0.7437938451766968,-0.06523605436086655,0.32840457558631897,0.7575186491012573,-0.09693647176027298,0.2839219570159912,0.7864984273910522,-0.12920048832893372,0.38115882873535156,0.5104373097419739,-0.04207388684153557,0.3724287748336792,0.37965989112854004,-0.0687459260225296,0.36815202236175537,0.2952921986579895,-0.09027960896492004,0.36351826786994934,0.22245252132415771,-0.1065697968006134,0.4227863550186157,0.4898305833339691,-0.04876432940363884,0.41086918115615845,0.34435197710990906,-0.07549667358398438,0.4027029573917389,0.2550787329673767,-0.0970313772559166,0.39293649792671204,0.17165160179138184,-0.11259683966636658,0.4669772982597351,0.5035381317138672,-0.05821695923805237,0.46712666749954224,0.384679913520813,-0.09355129301548004,0.46320241689682007,0.4561908543109894,-0.09966189414262772,0.45384570956230164,0.5206758379936218,-0.09693115204572678,0.5099906325340271,0.5413066744804382,-0.070539191365242,0.5166260600090027,0.45694947242736816,-0.10019831359386444,0.5064787268638611,0.49922144412994385,-0.09998650848865509,0.4906906187534332,0.5530210733413696,-0.09435785561800003,0.0,0.0,0.0,0.0,0.0,0.0,0.0,0.0,0.0,0.0,0.0,0.0,0.0,0.0,0.0,0.0,0.0,0.0,0.0,0.0,0.0,0.0,0.0,0.0,0.0,0.0,0.0,0.0,0.0,0.0,0.0,0.0,0.0,0.0,0.0,0.0,0.0,0.0,0.0,0.0,0.0,0.0,0.0,0.0,0.0,0.0,0.0,0.0,0.0,0.0,0.0,0.0,0.0,0.0,0.0,0.0,0.0,0.0,0.0,0.0,0.0,0.0,0.0
28,0.47514209151268005,0.7676810026168823,1.9690064334554336e-07,0.4235198497772217,0.7444320321083069,-0.030226850882172585,0.38409340381622314,0.6712700128555298,-0.04572593420743942,0.3680829107761383,0.5932374000549316,-0.06112026795744896,0.3541174829006195,0.5231805443763733,-0.07458800822496414,0.38847145438194275,0.5319555997848511,-0.017333731055259705,0.3711104691028595,0.45177769660949707,-0.04723390191793442,0.36432525515556335,0.4034016728401184,-0.07088219374418259,0.3590533137321472,0.3645596206188202,-0.08579162508249283,0.4252323508262634,0.5131350159645081,-0.019840873777866364,0.40697240829467773,0.41112449765205383,-0.052953608334064484,0.395236998796463,0.37810608744621277,-0.07321374118328094,0.384969562292099,0.3573293089866638,-0.08248806744813919,0.4643564224243164,0.5194594860076904,-0.02720588445663452,0.4531756341457367,0.4338756799697876,-0.06828068941831589,0.4420246481895447,0.5140205025672913,-0.07298576086759567,0.43333348631858826,0.5862106680870056,-0.06522224843502045,0.5064754486083984,0.5460405349731445,-0.03704448416829109,0.4963184893131256,0.4848136007785797,-0.06915339827537537,0.4783892035484314,0.5354858040809631,-0.06998948007822037,0.4630086123943329,0.5920588374137878,-0.0630808100104332,0.0,0.0,0.0,0.0,0.0,0.0,0.0,0.0,0.0,0.0,0.0,0.0,0.0,0.0,0.0,0.0,0.0,0.0,0.0,0.0,0.0,0.0,0.0,0.0,0.0,0.0,0.0,0.0,0.0,0.0,0.0,0.0,0.0,0.0,0.0,0.0,0.0,0.0,0.0,0.0,0.0,0.0,0.0,0.0,0.0,0.0,0.0,0.0,0.0,0.0,0.0,0.0,0.0,0.0,0.0,0.0,0.0,0.0,0.0,0.0,0.0,0.0,0.0
29,0.47440290451049805,0.7706863880157471,-1.584808195786991e-08,0.42249250411987305,0.7418394684791565,-0.026339953765273094,0.3819067180156708,0.6653833389282227,-0.04129643738269806,0.3701392114162445,0.5825340747833252,-0.05692649632692337,0.36122632026672363,0.5003788471221924,-0.0697704404592514,0.3847944140434265,0.5457296967506409,-0.0071770744398236275,0.36623844504356384,0.47861459851264954,-0.040152352303266525,0.35702019929885864,0.4446699023246765,-0.0643882155418396,0.34945106506347656,0.4480758607387543,-0.07635272294282913,0.4222791790962219,0.5220147967338562,-0.010143652558326721,0.4054727256298065,0.42689594626426697,-0.046925392001867294,0.391857773065567,0.41890421509742737,-0.06735703349113464,0.3781787157058716,0.44939762353897095,-0.07309364527463913,0.4615195393562317,0.5216152667999268,-0.018708163872361183,0.44574931263923645,0.4501701891422272,-0.05940651893615723,0.4362033009529114,0.5237246751785278,-0.06370008736848831,0.4278837740421295,0.6001710295677185,-0.05461804196238518,0.5034701228141785,0.542326033115387,-0.029550855979323387,0.4852879047393799,0.49833106994628906,-0.06165827810764313,0.46853893995285034,0.5543680787086487,-0.06297371536493301,0.45387524366378784,0.6170375943183899,-0.05506569519639015,0.0,0.0,0.0,0.0,0.0,0.0,0.0,0.0,0.0,0.0,0.0,0.0,0.0,0.0,0.0,0.0,0.0,0.0,0.0,0.0,0.0,0.0,0.0,0.0,0.0,0.0,0.0,0.0,0.0,0.0,0.0,0.0,0.0,0.0,0.0,0.0,0.0,0.0,0.0,0.0,0.0,0.0,0.0,0.0,0.0,0.0,0.0,0.0,0.0,0.0,0.0,0.0,0.0,0.0,0.0,0.0,0.0,0.0,0.0,0.0,0.0,0.0,0.0
30,0.4758237898349762,0.7757002115249634,-5.8182347828505954e-08,0.42354339361190796,0.7422966957092285,-0.02542814612388611,0.38334935903549194,0.6634926199913025,-0.040837209671735764,0.37225449085235596,0.5815049409866333,-0.05705392360687256,0.36349186301231384,0.4993530511856079,-0.07044422626495361,0.38557732105255127,0.5401107668876648,-0.006453222595155239,0.37136316299438477,0.47176018357276917,-0.041398677974939346,0.3622646629810333,0.4429321885108948,-0.06758806854486465,0.3544674515724182,0.45316046476364136,-0.08029772341251373,0.42324283719062805,0.5193824768066406,-0.009934809058904648,0.4076502323150635,0.4245340824127197,-0.047962531447410583,0.395603209733963,0.42407840490341187,-0.06838895380496979,0.3840031623840332,0.4610344171524048,-0.0735974982380867,0.4628460705280304,0.5209875106811523,-0.019080286845564842,0.44681501388549805,0.45523664355278015,-0.06025410443544388,0.4390396773815155,0.5347337126731873,-0.06353852897882462,0.43303847312927246,0.6115273237228394,-0.05355847254395485,0.505604088306427,0.5436099767684937,-0.030397316440939903,0.4858836233615875,0.5055178999900818,-0.061028853058815,0.46891993284225464,0.5653607845306396,-0.06030917167663574,0.45527297258377075,0.6256729960441589,-0.05111730098724365,0.0,0.0,0.0,0.0,0.0,0.0,0.0,0.0,0.0,0.0,0.0,0.0,0.0,0.0,0.0,0.0,0.0,0.0,0.0,0.0,0.0,0.0,0.0,0.0,0.0,0.0,0.0,0.0,0.0,0.0,0.0,0.0,0.0,0.0,0.0,0.0,0.0,0.0,0.0,0.0,0.0,0.0,0.0,0.0,0.0,0.0,0.0,0.0,0.0,0.0,0.0,0.0,0.0,0.0,0.0,0.0,0.0,0.0,0.0,0.0,0.0,0.0,0.0
